date,open,high,low,close,volume,TR,ATR,Upper,Lower,Buy_Signal,Sell_Signal,Profit_Target,Stop_Loss
2024-03-21 09:15:00+05:30,678.0,684.95,675.85,678.6,5031,9.100000000000023,,,,False,False,,
2024-03-21 09:20:00+05:30,678.6,680.0,677.9,677.9,2229,2.1000000000000227,,,,False,False,,
2024-03-21 09:25:00+05:30,677.9,682.0,677.9,681.4,6280,4.100000000000023,,,,False,False,,
2024-03-21 09:30:00+05:30,680.65,680.65,677.8,678.9,1554,3.6000000000000227,,,,False,False,,
2024-03-21 09:35:00+05:30,678.9,682.0,678.75,681.0,3515,3.25,,,,False,False,,
2024-03-21 09:40:00+05:30,680.2,682.45,680.0,681.5,2339,2.4500000000000455,,,,False,False,,
2024-03-21 09:45:00+05:30,681.5,682.0,680.2,681.05,651,1.7999999999999545,,,,False,False,,
2024-03-21 09:50:00+05:30,681.05,681.85,680.25,680.3,1155,1.6000000000000227,,,,False,False,,
2024-03-21 09:55:00+05:30,680.3,682.95,680.3,681.7,1888,2.650000000000091,,,,False,False,,
2024-03-21 10:00:00+05:30,681.35,683.95,680.95,683.95,1335,3.0,,,,False,False,,
2024-03-21 10:05:00+05:30,683.95,685.0,682.05,683.45,5359,2.9500000000000455,,,,False,False,,
2024-03-21 10:10:00+05:30,683.45,684.35,682.65,684.1,677,1.7000000000000455,,,,False,False,,
2024-03-21 10:15:00+05:30,684.1,684.1,682.05,682.7,575,2.050000000000068,,,,False,False,,
2024-03-21 10:20:00+05:30,682.7,682.7,681.55,681.6,494,1.150000000000091,,,,False,False,,
2024-03-21 10:25:00+05:30,681.6,681.6,679.35,679.75,2080,2.25,,,,False,False,,
2024-03-21 10:30:00+05:30,679.45,680.0,678.05,679.6,1451,1.9500000000000455,,,,False,False,,
2024-03-21 10:35:00+05:30,679.6,679.75,679.0,679.0,169,0.75,,,,False,False,,
2024-03-21 10:40:00+05:30,679.0,679.8,678.6,678.65,750,1.1999999999999318,,,,False,False,,
2024-03-21 10:45:00+05:30,678.65,679.65,678.2,679.2,474,1.4499999999999318,,,,False,False,,
2024-03-21 10:50:00+05:30,679.2,679.95,678.3,678.3,750,1.650000000000091,2.5375000000000227,685.0250000000001,673.2249999999999,False,False,5.0750000000000455,682.4875000000001
2024-03-21 10:55:00+05:30,678.3,679.5,676.55,678.8,7059,2.9500000000000455,2.230000000000024,683.96,672.0899999999999,False,False,4.460000000000048,681.73
2024-03-21 11:00:00+05:30,678.8,680.0,676.05,677.0,8356,3.9500000000000455,2.322500000000025,684.6450000000001,671.4049999999999,False,False,4.64500000000005,682.3225000000001
2024-03-21 11:05:00+05:30,677.0,677.0,675.9,676.65,1701,1.1000000000000227,2.172500000000025,681.345,671.555,False,False,4.34500000000005,679.1725
2024-03-21 11:10:00+05:30,676.6,678.0,676.55,678.0,1138,1.4500000000000455,2.065000000000026,682.1300000000001,672.4199999999998,False,False,4.130000000000052,680.065
2024-03-21 11:15:00+05:30,678.0,678.0,676.6,676.6,619,1.3999999999999773,1.972500000000025,681.945,672.655,False,False,3.94500000000005,679.9725000000001
2024-03-21 11:20:00+05:30,676.6,677.0,675.8,676.45,4606,1.2000000000000455,1.910000000000025,680.82,671.9799999999999,False,False,3.82000000000005,678.9100000000001
2024-03-21 11:25:00+05:30,676.45,678.0,676.45,678.0,1083,1.5499999999999545,1.897500000000025,681.7950000000001,672.655,False,False,3.79500000000005,679.8975
2024-03-21 11:30:00+05:30,678.0,678.75,677.9,678.6,349,0.8500000000000227,1.860000000000025,682.47,674.18,False,False,3.72000000000005,680.61
2024-03-21 11:35:00+05:30,678.6,678.75,677.9,677.9,3052,0.8500000000000227,1.7700000000000216,682.2900000000001,674.3599999999999,False,False,3.540000000000043,680.5200000000001
2024-03-21 11:40:00+05:30,677.65,677.65,676.0,677.65,1108,1.8999999999999773,1.7150000000000205,681.08,672.5699999999999,False,False,3.430000000000041,679.365
2024-03-21 11:45:00+05:30,678.0,678.2,676.5,677.4,889,1.7000000000000455,1.6525000000000205,681.5050000000001,673.1949999999999,False,False,3.305000000000041,679.8525000000001
2024-03-21 11:50:00+05:30,677.4,677.45,676.2,676.95,556,1.25,1.630000000000018,680.71,672.94,False,False,3.260000000000036,679.08
2024-03-21 11:55:00+05:30,676.95,677.4,676.2,677.2,258,1.1999999999999318,1.5875000000000115,680.575,673.025,False,False,3.175000000000023,678.9875000000001
2024-03-21 12:00:00+05:30,677.2,677.2,676.0,676.0,400,1.2000000000000455,1.5900000000000092,680.3800000000001,672.8199999999999,False,False,3.1800000000000184,678.7900000000001
2024-03-21 12:05:00+05:30,676.0,676.75,675.5,675.85,841,1.25,1.5400000000000091,679.83,672.42,False,False,3.0800000000000183,678.2900000000001
2024-03-21 12:10:00+05:30,675.85,675.85,674.0,674.9,2493,1.8500000000000227,1.535000000000008,678.9200000000001,670.93,False,False,3.070000000000016,677.3850000000001
2024-03-21 12:15:00+05:30,674.9,676.8,674.9,676.0,931,1.8999999999999773,1.592500000000007,679.985,671.7149999999999,False,False,3.185000000000014,678.3925
2024-03-21 12:20:00+05:30,676.0,676.75,675.65,676.7,257,1.1000000000000227,1.5875000000000115,679.9250000000001,672.4749999999999,False,False,3.175000000000023,678.3375000000001
2024-03-21 12:25:00+05:30,676.7,676.85,675.7,676.2,368,1.1499999999999773,1.5725000000000136,679.995,672.5550000000001,False,False,3.145000000000027,678.4225
2024-03-21 12:30:00+05:30,676.2,676.2,675.55,675.55,193,0.650000000000091,1.5225000000000137,679.2450000000001,672.5049999999999,False,False,3.0450000000000275,677.7225000000001
2024-03-21 12:35:00+05:30,675.6,676.45,675.5,676.45,686,0.9500000000000455,1.4225000000000136,679.2950000000001,672.655,False,False,2.8450000000000273,677.8725000000001
2024-03-21 12:40:00+05:30,676.45,676.85,675.55,676.5,1147,1.3000000000000682,1.2900000000000147,679.4300000000001,672.9699999999999,False,False,2.5800000000000294,678.1400000000001
2024-03-21 12:45:00+05:30,676.5,676.75,676.5,676.7,101,0.25,1.2475000000000136,679.245,674.005,False,False,2.495000000000027,677.9975
2024-03-21 12:50:00+05:30,676.7,676.85,676.25,676.25,42,0.6000000000000227,1.2050000000000125,679.26,673.8399999999999,False,False,2.410000000000025,678.055
2024-03-21 12:55:00+05:30,676.25,677.6,676.0,676.0,635,1.6000000000000227,1.2150000000000147,680.0300000000001,673.5699999999999,False,False,2.4300000000000295,678.815
2024-03-21 13:00:00+05:30,676.0,678.0,676.0,676.3,753,2.0,1.2550000000000125,680.51,673.49,False,False,2.510000000000025,679.255
2024-03-21 13:05:00+05:30,676.4,677.0,675.8,676.65,2293,1.2000000000000455,1.2375000000000171,679.475,673.3249999999999,False,False,2.4750000000000343,678.2375
2024-03-21 13:10:00+05:30,676.65,676.7,675.6,675.6,318,1.1000000000000227,1.250000000000017,679.2,673.1,False,False,2.500000000000034,677.95
2024-03-21 13:15:00+05:30,675.6,676.45,675.4,676.0,387,1.0500000000000682,1.2600000000000193,678.97,672.8799999999999,False,False,2.5200000000000387,677.71
2024-03-21 13:20:00+05:30,676.0,676.65,675.2,676.05,361,1.4499999999999318,1.2375000000000171,679.125,672.725,False,False,2.4750000000000343,677.8874999999999
2024-03-21 13:25:00+05:30,676.05,676.5,675.05,675.05,130,1.4500000000000455,1.225000000000017,678.95,672.5999999999999,False,False,2.450000000000034,677.725
2024-03-21 13:30:00+05:30,675.05,676.0,674.5,675.9,1110,1.5,1.2375000000000171,678.475,672.025,False,False,2.4750000000000343,677.2375
2024-03-21 13:35:00+05:30,675.9,678.0,675.9,677.15,2779,2.1000000000000227,1.2825000000000215,680.565,673.3349999999999,False,False,2.565000000000043,679.2825
2024-03-21 13:40:00+05:30,677.15,678.8,676.75,678.8,2330,2.0499999999999545,1.325000000000017,681.45,674.0999999999999,False,False,2.650000000000034,680.125
2024-03-21 13:45:00+05:30,678.8,679.4,678.0,678.0,2617,1.3999999999999773,1.332500000000016,682.065,675.3349999999999,False,False,2.665000000000032,680.7325000000001
2024-03-21 13:50:00+05:30,678.0,679.8,678.0,679.8,1713,1.7999999999999545,1.3300000000000125,682.46,675.3399999999999,False,False,2.660000000000025,681.13
2024-03-21 13:55:00+05:30,679.8,679.9,679.0,679.9,327,0.8999999999999773,1.2800000000000125,682.46,676.4399999999999,False,False,2.560000000000025,681.1800000000001
2024-03-21 14:00:00+05:30,679.9,679.95,679.0,679.55,336,0.9500000000000455,1.2725000000000137,682.4950000000001,676.4549999999999,False,False,2.5450000000000275,681.2225000000001
2024-03-21 14:05:00+05:30,679.55,680.0,678.95,679.15,329,1.0499999999999545,1.2675000000000125,682.5350000000001,676.415,False,False,2.535000000000025,681.2675
2024-03-21 14:10:00+05:30,679.7,680.55,678.6,680.55,14588,1.9499999999999318,1.3325000000000045,683.2149999999999,675.9350000000001,False,False,2.665000000000009,681.8824999999999
2024-03-21 14:15:00+05:30,680.55,680.9,679.6,680.0,971,1.2999999999999545,1.35,683.6,676.9,False,False,2.7,682.25
2024-03-21 14:20:00+05:30,680.0,682.65,679.5,682.65,10080,3.1499999999999773,1.4424999999999955,685.535,676.615,False,False,2.884999999999991,684.0925
2024-03-21 14:25:00+05:30,682.65,683.85,682.0,682.55,1519,1.8500000000000227,1.5224999999999966,686.895,678.955,False,False,3.0449999999999933,685.3725
2024-03-21 14:30:00+05:30,682.55,683.1,681.15,681.55,7024,1.9500000000000455,1.5899999999999976,686.28,677.97,False,False,3.1799999999999953,684.6899999999999
2024-03-21 14:35:00+05:30,681.1,682.6,680.1,681.6,656,2.5,1.6349999999999967,685.87,676.83,False,False,3.2699999999999934,684.235
2024-03-21 14:40:00+05:30,681.6,684.8,681.4,683.3,2503,3.3999999999999773,1.7049999999999954,688.2099999999999,677.99,False,False,3.409999999999991,686.5049999999999
2024-03-21 14:45:00+05:30,683.3,684.85,682.05,682.05,755,2.800000000000068,1.7849999999999966,688.4200000000001,678.48,False,False,3.569999999999993,686.6350000000001
2024-03-21 14:50:00+05:30,682.05,687.0,682.05,684.9,6284,4.9500000000000455,1.9774999999999978,690.955,678.0949999999999,False,False,3.9549999999999956,688.9775000000001
2024-03-21 14:55:00+05:30,684.9,686.1,684.05,686.0,812,2.050000000000068,2.0274999999999976,690.155,679.995,False,False,4.054999999999995,688.1274999999999
2024-03-21 15:00:00+05:30,686.0,689.9,686.0,687.75,4762,3.8999999999999773,2.15,694.1999999999999,681.7,False,False,4.3,692.05
2024-03-21 15:05:00+05:30,687.75,688.95,683.1,686.1,17823,5.850000000000023,2.3699999999999988,693.69,678.36,False,False,4.7399999999999975,691.32
2024-03-21 15:10:00+05:30,686.1,687.25,685.05,685.5,1118,2.2000000000000455,2.405000000000001,692.06,680.24,False,False,4.810000000000002,689.655
2024-03-21 15:15:00+05:30,685.5,688.0,685.0,687.5,4808,3.0,2.45,692.9,680.1,False,False,4.9,690.4499999999999
2024-03-21 15:20:00+05:30,687.5,688.0,686.5,687.0,8743,1.5,2.422500000000002,692.845,681.655,False,False,4.845000000000004,690.4225
2024-03-21 15:25:00+05:30,687.0,688.35,686.5,688.0,5347,1.8500000000000227,2.4450000000000047,693.24,681.61,False,False,4.8900000000000095,690.795
2024-03-22 09:15:00+05:30,685.9,690.95,680.2,687.0,9133,10.75,2.8925000000000067,696.735,674.4150000000001,False,False,5.7850000000000135,693.8425
2024-03-22 09:20:00+05:30,685.5,686.35,684.0,684.65,2992,3.0,2.997500000000008,692.345,678.005,False,False,5.995000000000016,689.3475
2024-03-22 09:25:00+05:30,684.65,691.7,684.65,691.0,10222,7.050000000000068,3.302500000000009,698.3050000000001,678.045,False,False,6.605000000000018,695.0025
2024-03-22 09:30:00+05:30,690.65,690.95,686.35,687.05,1827,4.649999999999977,3.48250000000001,697.9150000000001,679.385,False,False,6.96500000000002,694.4325000000001
2024-03-22 09:35:00+05:30,687.05,689.35,687.05,688.25,1336,2.300000000000068,3.500000000000017,696.35,680.05,False,False,7.000000000000034,692.85
2024-03-22 09:40:00+05:30,688.25,690.15,688.25,689.85,4335,1.8999999999999773,3.530000000000018,697.21,681.1899999999999,False,False,7.060000000000036,693.6800000000001
2024-03-22 09:45:00+05:30,689.85,689.85,687.55,688.05,1076,2.300000000000068,3.487500000000023,696.825,680.5749999999999,False,False,6.975000000000046,693.3375
2024-03-22 09:50:00+05:30,688.05,688.9,688.05,688.9,556,0.8500000000000227,3.4375000000000226,695.775,681.175,False,False,6.875000000000045,692.3375
2024-03-22 09:55:00+05:30,688.9,689.95,688.2,689.2,1609,1.75,3.4275000000000206,696.8050000000001,681.345,False,False,6.855000000000041,693.3775
2024-03-22 10:00:00+05:30,689.2,691.3,688.6,689.7,3192,2.699999999999932,3.437500000000017,698.175,681.725,False,False,6.875000000000034,694.7375
2024-03-22 10:05:00+05:30,689.7,691.2,689.25,691.2,1423,1.9500000000000455,3.3650000000000206,697.9300000000001,682.52,False,False,6.730000000000041,694.565
2024-03-22 10:10:00+05:30,691.2,691.2,689.05,690.0,576,2.150000000000091,3.332500000000022,697.8650000000001,682.3849999999999,False,False,6.665000000000044,694.5325000000001
2024-03-22 10:15:00+05:30,690.0,690.0,689.2,690.0,348,0.7999999999999545,3.125000000000017,696.25,682.95,False,False,6.250000000000034,693.125
2024-03-22 10:20:00+05:30,690.0,690.5,689.8,690.0,432,0.7000000000000455,3.057500000000016,696.615,683.685,False,False,6.115000000000032,693.5575
2024-03-22 10:25:00+05:30,690.0,690.5,689.8,690.5,762,0.7000000000000455,2.8975000000000195,696.2950000000001,684.0049999999999,False,False,5.795000000000039,693.3975
2024-03-22 10:30:00+05:30,690.5,690.5,689.2,689.2,875,1.2999999999999545,2.670000000000016,695.84,683.86,False,False,5.340000000000032,693.1700000000001
2024-03-22 10:35:00+05:30,689.2,690.2,689.0,689.0,1220,1.2000000000000455,2.620000000000016,695.44,683.76,False,False,5.240000000000032,692.82
2024-03-22 10:40:00+05:30,689.0,690.0,688.2,688.2,827,1.7999999999999545,2.560000000000014,695.12,683.08,False,False,5.120000000000028,692.56
2024-03-22 10:45:00+05:30,688.2,689.2,686.35,687.95,3087,2.8500000000000227,2.6275000000000146,694.455,681.095,False,False,5.255000000000029,691.8275
2024-03-22 10:50:00+05:30,687.95,689.95,687.55,689.6,1401,2.400000000000091,2.655000000000018,695.2600000000001,682.2399999999999,False,False,5.310000000000036,692.6050000000001
2024-03-22 10:55:00+05:30,689.6,689.7,687.1,687.1,761,2.6000000000000227,2.247500000000019,694.195,682.605,False,False,4.495000000000038,691.9475
2024-03-22 11:00:00+05:30,687.1,688.3,686.6,687.1,1662,1.6999999999999318,2.182500000000016,692.665,682.235,False,False,4.365000000000032,690.4825
2024-03-22 11:05:00+05:30,687.1,688.95,687.1,688.5,215,1.8500000000000227,1.9225000000000136,692.7950000000001,683.255,False,False,3.8450000000000273,690.8725000000001
2024-03-22 11:10:00+05:30,688.5,688.5,687.8,688.45,136,0.7000000000000455,1.725000000000017,691.95,684.3499999999999,False,False,3.450000000000034,690.225
2024-03-22 11:15:00+05:30,688.45,690.15,687.65,688.5,4360,2.5,1.7350000000000136,693.62,684.18,False,False,3.4700000000000273,691.885
2024-03-22 11:20:00+05:30,688.5,689.65,688.5,689.05,216,1.1499999999999773,1.6975000000000136,693.045,685.105,False,False,3.395000000000027,691.3475
2024-03-22 11:25:00+05:30,689.05,689.45,688.0,688.0,380,1.4500000000000455,1.6550000000000125,692.7600000000001,684.6899999999999,False,False,3.310000000000025,691.1050000000001
2024-03-22 11:30:00+05:30,688.0,688.65,687.5,688.5,474,1.1499999999999773,1.6700000000000101,691.99,684.16,False,False,3.3400000000000203,690.32
2024-03-22 11:35:00+05:30,688.5,688.5,687.55,688.35,342,0.9500000000000455,1.6300000000000125,691.76,684.29,False,False,3.260000000000025,690.13
2024-03-22 11:40:00+05:30,688.35,688.65,687.75,688.55,153,0.8999999999999773,1.5400000000000147,691.73,684.67,False,False,3.0800000000000294,690.19
2024-03-22 11:45:00+05:30,688.55,688.55,687.2,687.7,518,1.349999999999909,1.510000000000008,691.5699999999999,684.1800000000001,False,False,3.020000000000016,690.06
2024-03-22 11:50:00+05:30,687.7,687.7,687.2,687.65,147,0.5,1.4275000000000033,690.5550000000001,684.345,False,False,2.8550000000000066,689.1275
2024-03-22 11:55:00+05:30,687.65,688.65,687.2,687.9,543,1.4499999999999318,1.4600000000000022,691.5699999999999,684.2800000000001,False,False,2.9200000000000044,690.1099999999999
2024-03-22 12:00:00+05:30,687.9,688.25,687.5,688.0,299,0.75,1.4625,691.175,684.575,False,False,2.925,689.7125
2024-03-22 12:05:00+05:30,688.0,688.4,687.7,688.4,2313,0.6999999999999318,1.4624999999999944,691.3249999999999,684.7750000000001,False,False,2.9249999999999887,689.8625
2024-03-22 12:10:00+05:30,688.4,688.55,687.7,688.55,310,0.849999999999909,1.439999999999992,691.43,684.82,False,False,2.879999999999984,689.99
2024-03-22 12:15:00+05:30,687.9,688.6,687.6,687.6,302,1.0,1.4299999999999897,691.46,684.74,False,False,2.8599999999999794,690.0300000000001
2024-03-22 12:20:00+05:30,688.15,688.8,687.4,688.8,697,1.3999999999999773,1.4099999999999908,691.6199999999999,684.58,False,False,2.8199999999999816,690.2099999999999
2024-03-22 12:25:00+05:30,688.8,688.8,687.85,688.45,587,0.9499999999999318,1.3149999999999864,691.43,685.22,False,False,2.629999999999973,690.115
2024-03-22 12:30:00+05:30,688.5,688.5,687.55,687.65,276,0.9500000000000455,1.2424999999999842,690.985,685.0649999999999,False,False,2.4849999999999683,689.7425000000001
2024-03-22 12:35:00+05:30,687.65,688.95,687.6,688.85,1359,1.3500000000000227,1.1799999999999842,691.3100000000001,685.24,False,False,2.3599999999999683,690.1300000000001
2024-03-22 12:40:00+05:30,688.85,689.0,688.0,688.8,289,1.0,1.1449999999999876,691.29,685.71,False,False,2.289999999999975,690.145
2024-03-22 12:45:00+05:30,688.8,689.45,688.2,688.2,748,1.25,1.1149999999999864,691.6800000000001,685.97,False,False,2.229999999999973,690.565
2024-03-22 12:50:00+05:30,688.2,689.35,688.2,689.35,392,1.1499999999999773,1.1374999999999829,691.625,685.9250000000001,False,False,2.2749999999999657,690.4875000000001
2024-03-22 12:55:00+05:30,689.35,689.65,688.5,689.5,93,1.1499999999999773,1.0699999999999819,691.79,686.36,False,False,2.1399999999999637,690.72
2024-03-22 13:00:00+05:30,689.5,689.9,689.1,689.9,1242,0.7999999999999545,1.0524999999999807,692.0049999999999,686.9950000000001,False,False,2.1049999999999613,690.9524999999999
2024-03-22 13:05:00+05:30,689.9,690.35,689.1,690.3,709,1.25,1.0424999999999784,692.435,687.0150000000001,False,False,2.084999999999957,691.3924999999999
2024-03-22 13:10:00+05:30,690.3,690.4,689.6,690.3,360,0.7999999999999545,1.0249999999999773,692.4499999999999,687.5500000000001,False,False,2.0499999999999545,691.425
2024-03-22 13:15:00+05:30,690.3,692.0,690.3,691.7,9795,1.7000000000000455,1.0624999999999774,694.125,688.175,False,False,2.1249999999999547,693.0625
2024-03-22 13:20:00+05:30,691.7,692.1,689.15,692.0,3372,2.9500000000000455,1.1649999999999807,694.43,686.82,False,False,2.3299999999999614,693.265
2024-03-22 13:25:00+05:30,692.0,693.7,691.5,693.7,5078,2.2000000000000455,1.2074999999999876,696.115,689.085,False,False,2.414999999999975,694.9075
2024-03-22 13:30:00+05:30,693.9,694.5,693.1,693.45,2175,1.3999999999999773,1.2524999999999864,697.005,690.595,False,False,2.504999999999973,695.7525
2024-03-22 13:35:00+05:30,693.45,694.0,692.8,693.25,2199,1.2000000000000455,1.239999999999992,696.48,690.3199999999999,False,False,2.479999999999984,695.24
2024-03-22 13:40:00+05:30,692.7,694.0,692.7,693.95,2506,1.2999999999999545,1.2674999999999899,696.535,690.1650000000001,False,False,2.5349999999999797,695.2674999999999
2024-03-22 13:45:00+05:30,694.0,694.0,693.15,693.75,1717,0.8500000000000227,1.2749999999999944,696.55,690.6,False,False,2.5499999999999887,695.275
2024-03-22 13:50:00+05:30,693.75,694.0,692.6,694.0,1811,1.3999999999999773,1.3024999999999978,696.605,689.995,False,False,2.6049999999999955,695.3025
2024-03-22 13:55:00+05:30,693.95,694.0,693.2,694.0,1482,0.7999999999999545,1.2924999999999955,696.585,690.615,False,False,2.584999999999991,695.2925
2024-03-22 14:00:00+05:30,693.8,694.0,692.65,694.0,2283,1.3500000000000227,1.2899999999999978,696.58,690.0699999999999,False,False,2.5799999999999956,695.2900000000001
2024-03-22 14:05:00+05:30,694.0,694.45,693.05,694.1,1874,1.400000000000091,1.3125000000000058,697.075,690.425,False,False,2.6250000000000115,695.7625
2024-03-22 14:10:00+05:30,694.1,694.8,693.55,694.0,1476,1.25,1.3275000000000035,697.4549999999999,690.895,False,False,2.655000000000007,696.1274999999999
2024-03-22 14:15:00+05:30,694.0,695.0,693.35,695.0,2743,1.6499999999999773,1.3425000000000011,697.685,690.665,False,False,2.6850000000000023,696.3425
2024-03-22 14:20:00+05:30,694.9,695.0,693.75,694.0,1981,1.25,1.355000000000001,697.71,691.04,False,False,2.710000000000002,696.355
2024-03-22 14:25:00+05:30,694.0,694.9,693.35,694.0,2048,1.5499999999999545,1.3699999999999988,697.64,690.61,False,False,2.7399999999999975,696.27
2024-03-22 14:30:00+05:30,694.0,694.6,691.0,693.0,5182,3.6000000000000227,1.492500000000001,697.585,688.015,False,False,2.985000000000002,696.0925000000001
2024-03-22 14:35:00+05:30,693.0,694.8,692.6,694.1,2538,2.199999999999932,1.5449999999999988,697.89,689.51,False,False,3.0899999999999976,696.345
2024-03-22 14:40:00+05:30,694.1,695.4,693.3,694.5,3072,2.1000000000000227,1.6100000000000023,698.62,690.0799999999999,False,False,3.2200000000000046,697.01
2024-03-22 14:45:00+05:30,694.5,694.95,693.05,694.5,3070,1.900000000000091,1.6425000000000067,698.235,689.765,False,False,3.2850000000000135,696.5925
2024-03-22 14:50:00+05:30,694.5,695.0,693.15,694.75,1673,1.8500000000000227,1.6950000000000103,698.39,689.76,False,False,3.3900000000000206,696.6949999999999
2024-03-22 14:55:00+05:30,694.05,695.6,693.05,694.6,3341,2.550000000000068,1.7375000000000114,699.075,689.5749999999999,False,False,3.4750000000000227,697.3375000000001
2024-03-22 15:00:00+05:30,694.6,695.1,693.5,694.95,1500,1.6000000000000227,1.6700000000000101,698.44,690.16,False,False,3.3400000000000203,696.7700000000001
2024-03-22 15:05:00+05:30,694.95,695.0,693.2,693.45,4955,1.7999999999999545,1.6500000000000057,698.3,689.9000000000001,False,False,3.3000000000000114,696.65
2024-03-22 15:10:00+05:30,693.45,694.0,691.7,691.7,3480,2.2999999999999545,1.6950000000000045,697.39,688.3100000000001,False,False,3.390000000000009,695.6949999999999
2024-03-22 15:15:00+05:30,691.65,694.05,690.0,693.85,4327,4.0499999999999545,1.8375,697.7249999999999,686.325,False,False,3.675,695.8874999999999
2024-03-22 15:20:00+05:30,693.85,694.35,690.4,690.95,7753,3.9500000000000455,1.9700000000000046,698.2900000000001,686.4599999999999,False,False,3.9400000000000093,696.32
2024-03-22 15:25:00+05:30,690.75,692.0,690.0,691.0,3141,2.0,2.0275000000000034,696.0550000000001,685.9449999999999,False,False,4.055000000000007,694.0275
2024-03-26 09:15:00+05:30,692.95,706.85,688.55,697.95,14566,18.300000000000068,2.872500000000008,712.595,682.805,False,False,5.745000000000016,709.7225
2024-03-26 09:20:00+05:30,697.75,698.0,692.3,695.6,5560,5.7000000000000455,3.1175000000000126,704.235,686.0649999999999,False,False,6.235000000000025,701.1175
2024-03-26 09:25:00+05:30,695.6,698.3,692.6,697.8,7207,5.699999999999932,3.335000000000008,704.97,685.9300000000001,False,False,6.670000000000016,701.635
2024-03-26 09:30:00+05:30,697.15,697.7,693.2,693.4,3484,4.599999999999909,3.4949999999999988,704.69,686.21,False,False,6.9899999999999975,701.195
2024-03-26 09:35:00+05:30,693.4,693.55,686.55,689.3,9605,7.0,3.782499999999999,701.115,678.9849999999999,False,False,7.564999999999998,697.3325
2024-03-26 09:40:00+05:30,689.25,693.15,688.5,692.6,7257,4.649999999999977,3.9324999999999988,701.015,680.635,False,False,7.8649999999999975,697.0825
2024-03-26 09:45:00+05:30,692.6,696.45,691.1,696.05,2183,5.350000000000023,4.1375,704.725,682.825,False,False,8.275,700.5875
2024-03-26 09:50:00+05:30,696.7,698.0,694.25,697.75,2043,3.75,4.247500000000002,706.495,685.755,False,False,8.495000000000005,702.2475
2024-03-26 09:55:00+05:30,697.75,699.35,696.95,698.0,2329,2.3999999999999773,4.1875,707.725,688.575,False,False,8.375,703.5375
2024-03-26 10:00:00+05:30,696.85,697.35,694.7,695.7,839,3.2999999999999545,4.2425000000000015,705.835,686.215,False,False,8.485000000000003,701.5925000000001
2024-03-26 10:05:00+05:30,695.7,695.7,694.05,694.9,920,1.650000000000091,4.220000000000004,704.1400000000001,685.6099999999999,False,False,8.440000000000008,699.9200000000001
2024-03-26 10:10:00+05:30,694.9,696.95,694.9,695.85,2888,2.050000000000068,4.227500000000004,705.4050000000001,686.4449999999999,False,False,8.455000000000007,701.1775000000001
2024-03-26 10:15:00+05:30,695.85,696.8,693.05,694.85,3779,3.75,4.3225000000000025,705.4449999999999,684.405,False,False,8.645000000000005,701.1225
2024-03-26 10:20:00+05:30,694.85,695.15,693.0,693.0,667,2.1499999999999773,4.3024999999999975,703.755,684.395,False,False,8.604999999999995,699.4525
2024-03-26 10:25:00+05:30,693.0,694.9,693.0,694.8,452,1.8999999999999773,4.3174999999999955,703.535,684.365,False,False,8.634999999999991,699.2175
2024-03-26 10:30:00+05:30,694.8,695.05,692.05,692.05,1012,3.0,4.377499999999998,703.805,683.295,False,False,8.754999999999995,699.4275
2024-03-26 10:35:00+05:30,692.2,693.55,691.95,692.95,518,1.599999999999909,4.342499999999996,702.2349999999999,683.2650000000001,False,False,8.684999999999992,697.8924999999999
2024-03-26 10:40:00+05:30,692.95,692.95,691.95,692.7,692,1.0,4.189999999999998,701.33,683.57,False,False,8.379999999999995,697.1400000000001
2024-03-26 10:45:00+05:30,692.7,693.6,692.0,693.25,1402,1.6000000000000227,4.072499999999996,701.745,683.855,False,False,8.144999999999992,697.6725
2024-03-26 10:50:00+05:30,692.3,693.6,690.4,690.4,2256,3.2000000000000455,4.1324999999999985,701.865,682.135,False,False,8.264999999999997,697.7325
2024-03-26 10:55:00+05:30,690.4,691.0,690.05,690.05,1271,0.9500000000000455,3.264999999999998,697.53,683.52,False,False,6.529999999999996,694.265
2024-03-26 11:00:00+05:30,690.05,690.1,689.0,689.75,926,1.1000000000000227,3.0349999999999966,696.1700000000001,682.9300000000001,False,False,6.069999999999993,693.1350000000001
2024-03-26 11:05:00+05:30,689.75,690.75,689.7,689.7,1018,1.0499999999999545,2.8024999999999975,696.355,684.095,False,False,5.604999999999995,693.5525
2024-03-26 11:10:00+05:30,689.7,690.25,686.35,687.3,5236,3.8999999999999773,2.767500000000001,695.785,680.815,False,False,5.535000000000002,693.0174999999999
2024-03-26 11:15:00+05:30,687.3,687.7,683.15,686.0,8126,4.550000000000068,2.6450000000000045,692.99,677.86,False,False,5.290000000000009,690.345
2024-03-26 11:20:00+05:30,686.0,686.75,685.65,685.65,1404,1.1000000000000227,2.467500000000007,691.6850000000001,680.7149999999999,False,False,4.935000000000014,689.2175000000001
2024-03-26 11:25:00+05:30,686.0,686.3,685.05,685.45,935,1.25,2.2625000000000055,690.8249999999999,680.525,False,False,4.525000000000011,688.5624999999999
2024-03-26 11:30:00+05:30,685.45,686.45,685.3,686.25,851,1.150000000000091,2.13250000000001,690.715,681.035,False,False,4.26500000000002,688.5825
2024-03-26 11:35:00+05:30,686.25,686.4,684.85,685.3,1658,1.5499999999999545,2.090000000000009,690.58,680.67,False,False,4.180000000000018,688.49
2024-03-26 11:40:00+05:30,685.3,685.95,684.05,685.15,2821,1.900000000000091,2.020000000000016,689.9900000000001,680.0099999999999,False,False,4.040000000000032,687.9700000000001
2024-03-26 11:45:00+05:30,685.15,685.35,684.5,685.05,575,0.8500000000000227,1.9800000000000124,689.3100000000001,680.54,False,False,3.960000000000025,687.33
2024-03-26 11:50:00+05:30,685.05,685.05,683.0,683.65,2397,2.0499999999999545,1.9800000000000069,689.01,679.04,False,False,3.9600000000000137,687.03
2024-03-26 11:55:00+05:30,683.65,683.7,681.0,681.85,2536,2.7000000000000455,1.927500000000009,687.5550000000001,677.145,False,False,3.855000000000018,685.6275
2024-03-26 12:00:00+05:30,681.85,682.9,681.55,682.0,2534,1.3500000000000227,1.8875000000000113,686.675,677.775,False,False,3.7750000000000226,684.7874999999999
2024-03-26 12:05:00+05:30,681.75,682.5,681.0,681.55,1025,1.5,1.8675000000000126,686.235,677.265,False,False,3.735000000000025,684.3675
2024-03-26 12:10:00+05:30,681.55,682.15,680.05,682.0,1745,2.1000000000000227,1.8225000000000136,685.795,676.405,False,False,3.645000000000027,683.9725
2024-03-26 12:15:00+05:30,682.0,682.0,681.0,681.7,640,1.0,1.7925000000000182,685.585,677.415,False,False,3.5850000000000364,683.7925
2024-03-26 12:20:00+05:30,681.7,681.7,680.2,681.0,575,1.5,1.817500000000018,685.335,676.565,False,False,3.635000000000036,683.5175
2024-03-26 12:25:00+05:30,681.75,682.4,681.05,682.4,2131,1.3999999999999773,1.8075000000000159,686.015,677.435,False,False,3.6150000000000317,684.2075
2024-03-26 12:30:00+05:30,682.25,682.55,681.3,681.8,751,1.25,1.7100000000000137,685.97,677.8799999999999,False,False,3.4200000000000275,684.26
2024-03-26 12:35:00+05:30,681.8,683.25,681.65,681.9,2380,1.6000000000000227,1.7425000000000126,686.735,678.165,False,False,3.485000000000025,684.9925
2024-03-26 12:40:00+05:30,681.9,682.95,681.1,681.6,1225,1.8500000000000227,1.7800000000000125,686.5100000000001,677.54,False,False,3.560000000000025,684.7300000000001
2024-03-26 12:45:00+05:30,681.6,682.9,681.35,682.9,610,1.5499999999999545,1.8050000000000126,686.51,677.74,False,False,3.610000000000025,684.7049999999999
2024-03-26 12:50:00+05:30,682.9,682.95,680.95,682.45,2400,2.0,1.7100000000000137,686.3700000000001,677.53,False,False,3.4200000000000275,684.6600000000001
2024-03-26 12:55:00+05:30,682.45,682.7,681.55,682.65,997,1.150000000000091,1.5400000000000147,685.7800000000001,678.4699999999999,False,False,3.0800000000000294,684.2400000000001
2024-03-26 13:00:00+05:30,682.65,682.65,681.8,682.45,675,0.8500000000000227,1.5275000000000147,685.705,678.7449999999999,False,False,3.0550000000000295,684.1775
2024-03-26 13:05:00+05:30,682.45,683.0,680.2,681.55,4225,2.7999999999999545,1.6050000000000124,686.21,676.99,False,False,3.210000000000025,684.605
2024-03-26 13:10:00+05:30,681.55,681.8,679.5,679.5,2935,2.2999999999999545,1.6625000000000056,685.125,676.175,False,False,3.3250000000000113,683.4625
2024-03-26 13:15:00+05:30,679.5,680.0,679.5,679.85,641,0.5,1.6100000000000079,683.22,676.28,False,False,3.2200000000000157,681.61
2024-03-26 13:20:00+05:30,680.0,680.0,679.0,679.3,1285,1.0,1.5650000000000035,683.13,675.87,False,False,3.130000000000007,681.5649999999999
2024-03-26 13:25:00+05:30,679.3,679.9,678.55,679.0,932,1.3500000000000227,1.5900000000000034,683.0799999999999,675.3699999999999,False,False,3.180000000000007,681.4899999999999
2024-03-26 13:30:00+05:30,679.0,679.35,678.25,679.0,696,1.1000000000000227,1.5425000000000069,682.4350000000001,675.165,False,False,3.0850000000000137,680.8925
2024-03-26 13:35:00+05:30,679.0,679.0,678.25,678.25,295,0.75,1.4450000000000045,681.89,675.36,False,False,2.890000000000009,680.4449999999999
2024-03-26 13:40:00+05:30,678.25,678.85,677.35,678.0,2751,1.5,1.4525000000000035,681.755,674.445,False,False,2.905000000000007,680.3025
2024-03-26 13:45:00+05:30,678.0,678.35,676.3,678.05,3355,2.050000000000068,1.4800000000000069,681.3100000000001,673.3399999999999,False,False,2.9600000000000137,679.83
2024-03-26 13:50:00+05:30,678.05,680.65,677.85,679.65,3618,2.7999999999999545,1.5150000000000035,683.68,674.82,False,False,3.030000000000007,682.165
2024-03-26 13:55:00+05:30,679.65,679.65,678.7,679.2,755,0.9499999999999318,1.5125,682.675,675.6750000000001,False,False,3.025,681.1624999999999
2024-03-26 14:00:00+05:30,679.2,679.45,677.95,677.95,1880,1.5,1.5125,682.475,674.9250000000001,False,False,3.025,680.9625
2024-03-26 14:05:00+05:30,677.95,677.95,676.0,676.5,2786,1.9500000000000455,1.5400000000000034,681.0300000000001,672.92,False,False,3.0800000000000067,679.4900000000001
2024-03-26 14:10:00+05:30,676.5,677.0,675.05,675.8,5730,1.9500000000000455,1.5750000000000057,680.15,671.9,False,False,3.1500000000000115,678.5749999999999
2024-03-26 14:15:00+05:30,675.8,676.4,672.9,674.3,6144,3.5,1.6700000000000046,679.74,669.56,False,False,3.340000000000009,678.07
2024-03-26 14:20:00+05:30,674.3,676.0,673.8,674.55,958,2.2000000000000455,1.6875000000000058,679.375,670.425,False,False,3.3750000000000115,677.6875
2024-03-26 14:25:00+05:30,674.55,680.0,674.55,678.6,7872,5.4500000000000455,1.8825000000000103,683.765,670.785,False,False,3.7650000000000206,681.8824999999999
2024-03-26 14:30:00+05:30,679.0,680.5,679.0,679.7,5468,1.8999999999999773,1.877500000000009,684.255,675.245,False,False,3.755000000000018,682.3774999999999
2024-03-26 14:35:00+05:30,679.55,679.65,677.35,678.35,4359,2.3500000000000227,1.9375000000000058,683.525,673.475,False,False,3.8750000000000115,681.5875
2024-03-26 14:40:00+05:30,678.35,680.0,678.0,680.0,3434,2.0,1.9950000000000045,683.99,674.01,False,False,3.990000000000009,681.995
2024-03-26 14:45:00+05:30,680.0,680.4,677.25,679.0,4458,3.1499999999999773,2.0125000000000055,684.425,673.225,False,False,4.025000000000011,682.4124999999999
2024-03-26 14:50:00+05:30,679.0,679.0,677.4,678.0,3350,1.6000000000000227,1.9775000000000091,682.955,673.4449999999999,False,False,3.9550000000000183,680.9775000000001
2024-03-26 14:55:00+05:30,678.0,678.45,677.05,677.05,4907,1.400000000000091,2.0225000000000137,682.4950000000001,673.0049999999999,False,False,4.0450000000000275,680.4725000000001
2024-03-26 15:00:00+05:30,677.9,679.0,677.6,677.9,4177,1.9500000000000455,2.070000000000016,683.14,673.46,False,False,4.140000000000032,681.0699999999999
2024-03-26 15:05:00+05:30,677.9,679.45,677.0,678.65,12070,2.4500000000000455,2.125000000000017,683.7,672.75,False,False,4.250000000000034,681.575
2024-03-26 15:10:00+05:30,678.65,679.0,673.15,674.25,9187,5.850000000000023,2.362500000000017,683.725,668.425,False,False,4.725000000000034,681.3625
2024-03-26 15:15:00+05:30,674.25,675.4,670.5,671.55,10998,4.899999999999977,2.570000000000016,680.54,665.36,False,False,5.140000000000032,677.9699999999999
2024-03-26 15:20:00+05:30,671.55,672.45,670.0,671.8,17478,2.4500000000000455,2.6175000000000184,677.6850000000001,664.765,False,False,5.235000000000037,675.0675
2024-03-26 15:25:00+05:30,671.8,672.0,670.0,670.9,14769,2.0,2.615000000000015,677.23,664.77,False,False,5.23000000000003,674.615
